sgdjfnj,sgd,sfg,sfg,sfg,sfg,2026-04-13 15:14
sodgnb,sdgn,sdgnio,sfgnoi,sfgnoi,sgnfif,2026-04-13 15:14
csdfds,fsd,fsd,fsd,fsd,fsd,2026-04-13 15:21
Lukasz,Slawecki,741852963,afnsdjfn@gmail.com,Skelige,notatka,2026-04-13 15:22
Lukasz,asfonewf,741852963,sdfsdf@gmail.com,sadofn,,2026-04-13 19:55
Lukasz,asofdn,147536982,c@fds,sdf,,2026-04-13 22:32
fwwef,wef,456789123,dFDSF@,fsmdnpoi,,2026-04-13 22:36
Lukasz,aodifnh,357869412,sdfbu@gmail.com,Koszalin,,2026-04-13 22:38
Adf,SDfDSf,123456789,@,saf,fdsa,2026-04-14 15:27
mkm,lnkjnj,753698412,khvjvchgc@,bhvjhvhjv,,2026-04-14 15:43
Mateusz,Ziemniewicz,951236874,jesuschrystus@wp.pl,Płock,skibidi,2026-04-19 13:36
fsdnf;ovfn,dsoivnodinsv,456987321,vskdnvi@,cospdj,spdofj,2026-04-19 13:43
